Workbook

Sheet Proposals
A1: Opportunity Name | B1: Account | C1: Account POC | D1: New/Extension | E1: Opportunity BP | F1: OBP E-mail address | G1: Head of Discipline | H1: Status of the opportunity | I1: WFP SPOC | J1: Proposed person name | K1: Proposed discipline | L1: Proposed person skill | M1: Proposed person grade | N1: Proposed person location | O1: Proposal date | P1: Soft Booking date | Q1: Soft Book Until | R1: Number of Soft Books | S1: Proposal status | T1: Soft Book status | U1: Comment | V1: Link to profile | W1: Availability
A2: PHP Developer | B2: =IFERROR(IF(ISBLANK(A2),"Opp name not found",IF(VLOOKUP(A2,'[1]Other Sources'!$A:$AN,4,0)<>0,VLOOKUP(A2,'[1]Other Sources'!$A:$AN,4,0),"Not reached CH")),"Please add the Opp name in Opp Tracker as well") -> Not reached CH | C2: =IFERROR(IF(ISBLANK(A2),"Opp name not found",IF(VLOOKUP(A2,'[1]Other Sources'!$A:$AN,9,0)<>0,VLOOKUP(A2,'[1]Other Sources'!$A:$AN,9,0),"Not reached CH")),"Please add the Opp name in Opp Tracker as well") -> E-mail | D2: =IFERROR(IF(ISBLANK(A2),"Opp name not found",IF(VLOOKUP(A2,'[1]Other Sources'!$A:$AN,12,0)<>0,VLOOKUP(A2,'[1]Other Sources'!$A:$AN,12,0),"Not reached CH")),"Please add the Opp name in Opp Tracker as well") -> Not reached CH | E2: =IFERROR(IF(ISBLANK(A2),"Opp name not found",IF(VLOOKUP(A2,'[1]Other Sources'!$A:$AN,18,0)<>0,VLOOKUP(A2,'[1]Other Sources'!$A:$AN,18,0),"Not reached CH")),"Please add the Opp name in Opp Tracker as well") -> Initiated | F2: =VLOOKUP(E2,OBPs!$A:$B,2,0) -> #N/A | G2: =INDEX('HoDs Matrix'!$B$2:$K$8,MATCH($N2,'HoDs Matrix'!$A$2:$A$8,0),MATCH(K2,'HoDs Matrix'!$B$1:$K$1,0)) -> Daniela.Bogdan@endava.com ; radu.pinzaru@endava.com | H2: =IFERROR(IF(ISBLANK(A2),"Opp name not found",IF(VLOOKUP(A2,'[1]Other Sources'!$A:$AN,28,0)<>0,VLOOKUP(A2,'[1]Other Sources'!$A:$AN,28,0),"Not reached CH")),"Please add the Opp name in Opp Tracker as well") -> 45758 | I2: =IFERROR(IF(ISBLANK(A2),"Opp name not found",IF(VLOOKUP(A2,'[1]Other Sources'!$A:$AN,33,0)<>0,VLOOKUP(A2,'[1]Other Sources'!$A:$AN,33,0),"Not reached CH")),"Please add the Opp name in Opp Tracker as well") -> Not reached CH | J2: Jane Doe1 | K2: =VLOOKUP(J2,'Active People Report'!D:J,7,0) -> Data | L2: =VLOOKUP(J2,'Active People Report'!D:V,19,0) -> AI/ML | M2: =VLOOKUP(J2,'Active People Report'!D:I,6,0) -> AB | N2: =VLOOKUP(J2,'Active People Report'!D:H,5,0) -> CLD | O2: 45370 | S2: Rejected - Opp staffed by other candidate | V2: =VLOOKUP(J2,'Profile links'!A:B,2,FALSE) -> https://endava.sharepoint.com/:w:/s/BWSDocuments/EWnpAGIdPLROqlwMipV9eWYBKrUtdUZ7MHADVQGJzELx8Q?e=pEAx0j
A3: PHP Developer | B3: =IFERROR(IF(ISBLANK(A3),"Opp name not found",IF(VLOOKUP(A3,'[1]Other Sources'!$A:$AN,4,0)<>0,VLOOKUP(A3,'[1]Other Sources'!$A:$AN,4,0),"Not reached CH")),"Please add the Opp name in Opp Tracker as well") -> Not reached CH | C3: =IFERROR(IF(ISBLANK(A3),"Opp name not found",IF(VLOOKUP(A3,'[1]Other Sources'!$A:$AN,9,0)<>0,VLOOKUP(A3,'[1]Other Sources'!$A:$AN,9,0),"Not reached CH")),"Please add the Opp name in Opp Tracker as well") -> E-mail | D3: =IFERROR(IF(ISBLANK(A3),"Opp name not found",IF(VLOOKUP(A3,'[1]Other Sources'!$A:$AN,12,0)<>0,VLOOKUP(A3,'[1]Other Sources'!$A:$AN,12,0),"Not reached CH")),"Please add the Opp name in Opp Tracker as well") -> Not reached CH | E3: =IFERROR(IF(ISBLANK(A3),"Opp name not found",IF(VLOOKUP(A3,'[1]Other Sources'!$A:$AN,18,0)<>0,VLOOKUP(A3,'[1]Other Sources'!$A:$AN,18,0),"Not reached CH")),"Please add the Opp name in Opp Tracker as well") -> Initiated | F3: =VLOOKUP(E3,OBPs!$A:$B,2,0) -> #N/A | G3: =INDEX('HoDs Matrix'!$B$2:$K$8,MATCH($N3,'HoDs Matrix'!$A$2:$A$8,0),MATCH(K3,'HoDs Matrix'!$B$1:$K$1,0)) -> Daniela.Bogdan@endava.com ; radu.pinzaru@endava.com | H3: =IFERROR(IF(ISBLANK(A3),"Opp name not found",IF(VLOOKUP(A3,'[1]Other Sources'!$A:$AN,28,0)<>0,VLOOKUP(A3,'[1]Other Sources'!$A:$AN,28,0),"Not reached CH")),"Please add the Opp name in Opp Tracker as well") -> 45758 | I3: =IFERROR(IF(ISBLANK(A3),"Opp name not found",IF(VLOOKUP(A3,'[1]Other Sources'!$A:$AN,33,0)<>0,VLOOKUP(A3,'[1]Other Sources'!$A:$AN,33,0),"Not reached CH")),"Please add the Opp name in Opp Tracker as well") -> Not reached CH | J3: Jane Doe2 | K3: =VLOOKUP(J3,'Active People Report'!D:J,7,0) -> Data | L3: =VLOOKUP(J3,'Active People Report'!D:V,19,0) -> AI/ML | M3: =VLOOKUP(J3,'Active People Report'!D:I,6,0) -> AB | N3: =VLOOKUP(J3,'Active People Report'!D:H,5,0) -> CLD | O3: 45371 | S3: Proposed to OBP | V3: =VLOOKUP(J3,'Profile links'!A:B,2,FALSE) -> https://endava.sharepoint.com/:w:/s/BWSDocuments/Ee20vSqhLZNLuNTMNSjtJ-gBNxi97-jtdwei9xnC46mlKQ?e=6l3knD
A4: PHP Developer | B4: =IFERROR(IF(ISBLANK(A4),"Opp name not found",IF(VLOOKUP(A4,'[1]Other Sources'!$A:$AN,4,0)<>0,VLOOKUP(A4,'[1]Other Sources'!$A:$AN,4,0),"Not reached CH")),"Please add the Opp name in Opp Tracker as well") -> Not reached CH | C4: =IFERROR(IF(ISBLANK(A4),"Opp name not found",IF(VLOOKUP(A4,'[1]Other Sources'!$A:$AN,9,0)<>0,VLOOKUP(A4,'[1]Other Sources'!$A:$AN,9,0),"Not reached CH")),"Please add the Opp name in Opp Tracker as well") -> E-mail | D4: =IFERROR(IF(ISBLANK(A4),"Opp name not found",IF(VLOOKUP(A4,'[1]Other Sources'!$A:$AN,12,0)<>0,VLOOKUP(A4,'[1]Other Sources'!$A:$AN,12,0),"Not reached CH")),"Please add the Opp name in Opp Tracker as well") -> Not reached CH | E4: =IFERROR(IF(ISBLANK(A4),"Opp name not found",IF(VLOOKUP(A4,'[1]Other Sources'!$A:$AN,18,0)<>0,VLOOKUP(A4,'[1]Other Sources'!$A:$AN,18,0),"Not reached CH")),"Please add the Opp name in Opp Tracker as well") -> Initiated | F4: =VLOOKUP(E4,OBPs!$A:$B,2,0) -> #N/A | G4: =INDEX('HoDs Matrix'!$B$2:$K$8,MATCH($N4,'HoDs Matrix'!$A$2:$A$8,0),MATCH(K4,'HoDs Matrix'!$B$1:$K$1,0)) -> Adrian.Iancu@endava.com | H4: =IFERROR(IF(ISBLANK(A4),"Opp name not found",IF(VLOOKUP(A4,'[1]Other Sources'!$A:$AN,28,0)<>0,VLOOKUP(A4,'[1]Other Sources'!$A:$AN,28,0),"Not reached CH")),"Please add the Opp name in Opp Tracker as well") -> 45758 | I4: =IFERROR(IF(ISBLANK(A4),"Opp name not found",IF(VLOOKUP(A4,'[1]Other Sources'!$A:$AN,33,0)<>0,VLOOKUP(A4,'[1]Other Sources'!$A:$AN,33,0),"Not reached CH")),"Please add the Opp name in Opp Tracker as well") -> Not reached CH | J4: Jane Doe3 | K4: =VLOOKUP(J4,'Active People Report'!D:J,7,0) -> Development | L4: =VLOOKUP(J4,'Active People Report'!D:V,19,0) -> .NET | M4: =VLOOKUP(J4,'Active People Report'!D:I,6,0) -> AB | N4: =VLOOKUP(J4,'Active People Report'!D:H,5,0) -> BHD | O4: 45369 | S4: Booked | V4: =VLOOKUP(J4,'Profile links'!A:B,2,FALSE) -> https://endava.sharepoint.com/:w:/s/BWSDocuments/EWLWxKI6oLZEj8N5NovJb7IBuJZ5T3smOy_1hctBRDL_6Q?e=RiaynJ
A5: New Java Team | B5: =IFERROR(IF(ISBLANK(A5),"Opp name not found",IF(VLOOKUP(A5,'[1]Other Sources'!$A:$AN,4,0)<>0,VLOOKUP(A5,'[1]Other Sources'!$A:$AN,4,0),"Not reached CH")),"Please add the Opp name in Opp Tracker as well") -> Not reached CH | C5: =IFERROR(IF(ISBLANK(A5),"Opp name not found",IF(VLOOKUP(A5,'[1]Other Sources'!$A:$AN,9,0)<>0,VLOOKUP(A5,'[1]Other Sources'!$A:$AN,9,0),"Not reached CH")),"Please add the Opp name in Opp Tracker as well") -> Chat | D5: =IFERROR(IF(ISBLANK(A5),"Opp name not found",IF(VLOOKUP(A5,'[1]Other Sources'!$A:$AN,12,0)<>0,VLOOKUP(A5,'[1]Other Sources'!$A:$AN,12,0),"Not reached CH")),"Please add the Opp name in Opp Tracker as well") -> Not reached CH | E5: =IFERROR(IF(ISBLANK(A5),"Opp name not found",IF(VLOOKUP(A5,'[1]Other Sources'!$A:$AN,18,0)<>0,VLOOKUP(A5,'[1]Other Sources'!$A:$AN,18,0),"Not reached CH")),"Please add the Opp name in Opp Tracker as well") -> In progress | F5: =VLOOKUP(E5,OBPs!$A:$B,2,0) -> #N/A | G5: =INDEX('HoDs Matrix'!$B$2:$K$8,MATCH($N5,'HoDs Matrix'!$A$2:$A$8,0),MATCH(K5,'HoDs Matrix'!$B$1:$K$1,0)) -> Adrian.Iancu@endava.com | H5: =IFERROR(IF(ISBLANK(A5),"Opp name not found",IF(VLOOKUP(A5,'[1]Other Sources'!$A:$AN,28,0)<>0,VLOOKUP(A5,'[1]Other Sources'!$A:$AN,28,0),"Not reached CH")),"Please add the Opp name in Opp Tracker as well") -> 45390 | I5: =IFERROR(IF(ISBLANK(A5),"Opp name not found",IF(VLOOKUP(A5,'[1]Other Sources'!$A:$AN,33,0)<>0,VLOOKUP(A5,'[1]Other Sources'!$A:$AN,33,0),"Not reached CH")),"Please add the Opp name in Opp Tracker as well") -> Not reached CH | J5: Jane Doe4 | K5: =VLOOKUP(J5,'Active People Report'!D:J,7,0) -> Development | L5: =VLOOKUP(J5,'Active People Report'!D:V,19,0) -> Java | M5: =VLOOKUP(J5,'Active People Report'!D:I,6,0) -> AB | N5: =VLOOKUP(J5,'Active People Report'!D:H,5,0) -> BVD | O5: 45370 | S5: Booked | V5: =VLOOKUP(J5,'Profile links'!A:B,2,FALSE) -> https://endava.sharepoint.com/:w:/s/BWSDocuments/EQMRHuiaqbVPvjpiuqPkiIIBso1CaOpa2zuZ2f_Is_8gPg?e=MPLy6G
A6: New Java Team | B6: =IFERROR(IF(ISBLANK(A6),"Opp name not found",IF(VLOOKUP(A6,'[1]Other Sources'!$A:$AN,4,0)<>0,VLOOKUP(A6,'[1]Other Sources'!$A:$AN,4,0),"Not reached CH")),"Please add the Opp name in Opp Tracker as well") -> Not reached CH | C6: =IFERROR(IF(ISBLANK(A6),"Opp name not found",IF(VLOOKUP(A6,'[1]Other Sources'!$A:$AN,9,0)<>0,VLOOKUP(A6,'[1]Other Sources'!$A:$AN,9,0),"Not reached CH")),"Please add the Opp name in Opp Tracker as well") -> Chat | D6: =IFERROR(IF(ISBLANK(A6),"Opp name not found",IF(VLOOKUP(A6,'[1]Other Sources'!$A:$AN,12,0)<>0,VLOOKUP(A6,'[1]Other Sources'!$A:$AN,12,0),"Not reached CH")),"Please add the Opp name in Opp Tracker as well") -> Not reached CH | E6: =IFERROR(IF(ISBLANK(A6),"Opp name not found",IF(VLOOKUP(A6,'[1]Other Sources'!$A:$AN,18,0)<>0,VLOOKUP(A6,'[1]Other Sources'!$A:$AN,18,0),"Not reached CH")),"Please add the Opp name in Opp Tracker as well") -> In progress | F6: =VLOOKUP(E6,OBPs!$A:$B,2,0) -> #N/A | G6: =INDEX('HoDs Matrix'!$B$2:$K$8,MATCH($N6,'HoDs Matrix'!$A$2:$A$8,0),MATCH(K6,'HoDs Matrix'!$B$1:$K$1,0)) -> adrian.matean@endava.com | H6: =IFERROR(IF(ISBLANK(A6),"Opp name not found",IF(VLOOKUP(A6,'[1]Other Sources'!$A:$AN,28,0)<>0,VLOOKUP(A6,'[1]Other Sources'!$A:$AN,28,0),"Not reached CH")),"Please add the Opp name in Opp Tracker as well") -> 45390 | I6: =IFERROR(IF(ISBLANK(A6),"Opp name not found",IF(VLOOKUP(A6,'[1]Other Sources'!$A:$AN,33,0)<>0,VLOOKUP(A6,'[1]Other Sources'!$A:$AN,33,0),"Not reached CH")),"Please add the Opp name in Opp Tracker as well") -> Not reached CH | J6: Jane Doe5 | K6: =VLOOKUP(J6,'Active People Report'!D:J,7,0) -> Development | L6: =VLOOKUP(J6,'Active People Report'!D:V,19,0) -> Python | M6: =VLOOKUP(J6,'Active People Report'!D:I,6,0) -> AB | N6: =VLOOKUP(J6,'Active People Report'!D:H,5,0) -> CLD | O6: 45371 | S6: Booked | V6: =VLOOKUP(J6,'Profile links'!A:B,2,FALSE) -> https://endava.sharepoint.com/:w:/s/BWSDocuments/ET_oHiTBZcpFhD-KW3kq4y8BYMaRyUjkvjnEgSyEVDNpow?e=poZpNB
A7: New Java Team | B7: =IFERROR(IF(ISBLANK(A7),"Opp name not found",IF(VLOOKUP(A7,'[1]Other Sources'!$A:$AN,4,0)<>0,VLOOKUP(A7,'[1]Other Sources'!$A:$AN,4,0),"Not reached CH")),"Please add the Opp name in Opp Tracker as well") -> Not reached CH | C7: =IFERROR(IF(ISBLANK(A7),"Opp name not found",IF(VLOOKUP(A7,'[1]Other Sources'!$A:$AN,9,0)<>0,VLOOKUP(A7,'[1]Other Sources'!$A:$AN,9,0),"Not reached CH")),"Please add the Opp name in Opp Tracker as well") -> Chat | D7: =IFERROR(IF(ISBLANK(A7),"Opp name not found",IF(VLOOKUP(A7,'[1]Other Sources'!$A:$AN,12,0)<>0,VLOOKUP(A7,'[1]Other Sources'!$A:$AN,12,0),"Not reached CH")),"Please add the Opp name in Opp Tracker as well") -> Not reached CH | E7: =IFERROR(IF(ISBLANK(A7),"Opp name not found",IF(VLOOKUP(A7,'[1]Other Sources'!$A:$AN,18,0)<>0,VLOOKUP(A7,'[1]Other Sources'!$A:$AN,18,0),"Not reached CH")),"Please add the Opp name in Opp Tracker as well") -> In progress | F7: =VLOOKUP(E7,OBPs!$A:$B,2,0) -> #N/A | G7: =INDEX('HoDs Matrix'!$B$2:$K$8,MATCH($N7,'HoDs Matrix'!$A$2:$A$8,0),MATCH(K7,'HoDs Matrix'!$B$1:$K$1,0)) -> bogdan.darabaneanu@endava.com | H7: =IFERROR(IF(ISBLANK(A7),"Opp name not found",IF(VLOOKUP(A7,'[1]Other Sources'!$A:$AN,28,0)<>0,VLOOKUP(A7,'[1]Other Sources'!$A:$AN,28,0),"Not reached CH")),"Please add the Opp name in Opp Tracker as well") -> 45390 | I7: =IFERROR(IF(ISBLANK(A7),"Opp name not found",IF(VLOOKUP(A7,'[1]Other Sources'!$A:$AN,33,0)<>0,VLOOKUP(A7,'[1]Other Sources'!$A:$AN,33,0),"Not reached CH")),"Please add the Opp name in Opp Tracker as well") -> Not reached CH | J7: Jane Doe6 | K7: =VLOOKUP(J7,'Active People Report'!D:J,7,0) -> Testing | L7: =VLOOKUP(J7,'Active People Report'!D:V,19,0) -> Automation Testing | M7: =VLOOKUP(J7,'Active People Report'!D:I,6,0) -> AB | N7: =VLOOKUP(J7,'Active People Report'!D:H,5,0) -> ISD | O7: 45372 | S7: Proposed to Account | V7: =VLOOKUP(J7,'Profile links'!A:B,2,FALSE) -> https://endava.sharepoint.com/:w:/s/BWSDocuments/ETIqS88QEyhBsJonGH7RxhkBV0iSceJzVloXbbC3LYYKfA?e=wTrRTT
A8: New Java Team | B8: =IFERROR(IF(ISBLANK(A8),"Opp name not found",IF(VLOOKUP(A8,'[1]Other Sources'!$A:$AN,4,0)<>0,VLOOKUP(A8,'[1]Other Sources'!$A:$AN,4,0),"Not reached CH")),"Please add the Opp name in Opp Tracker as well") -> Not reached CH | C8: =IFERROR(IF(ISBLANK(A8),"Opp name not found",IF(VLOOKUP(A8,'[1]Other Sources'!$A:$AN,9,0)<>0,VLOOKUP(A8,'[1]Other Sources'!$A:$AN,9,0),"Not reached CH")),"Please add the Opp name in Opp Tracker as well") -> Chat | D8: =IFERROR(IF(ISBLANK(A8),"Opp name not found",IF(VLOOKUP(A8,'[1]Other Sources'!$A:$AN,12,0)<>0,VLOOKUP(A8,'[1]Other Sources'!$A:$AN,12,0),"Not reached CH")),"Please add the Opp name in Opp Tracker as well") -> Not reached CH | E8: =IFERROR(IF(ISBLANK(A8),"Opp name not found",IF(VLOOKUP(A8,'[1]Other Sources'!$A:$AN,18,0)<>0,VLOOKUP(A8,'[1]Other Sources'!$A:$AN,18,0),"Not reached CH")),"Please add the Opp name in Opp Tracker as well") -> In progress | F8: =VLOOKUP(E8,OBPs!$A:$B,2,0) -> #N/A | G8: =INDEX('HoDs Matrix'!$B$2:$K$8,MATCH($N8,'HoDs Matrix'!$A$2:$A$8,0),MATCH(K8,'HoDs Matrix'!$B$1:$K$1,0)) -> adrian.matean@endava.com | H8: =IFERROR(IF(ISBLANK(A8),"Opp name not found",IF(VLOOKUP(A8,'[1]Other Sources'!$A:$AN,28,0)<>0,VLOOKUP(A8,'[1]Other Sources'!$A:$AN,28,0),"Not reached CH")),"Please add the Opp name in Opp Tracker as well") -> 45390 | I8: =IFERROR(IF(ISBLANK(A8),"Opp name not found",IF(VLOOKUP(A8,'[1]Other Sources'!$A:$AN,33,0)<>0,VLOOKUP(A8,'[1]Other Sources'!$A:$AN,33,0),"Not reached CH")),"Please add the Opp name in Opp Tracker as well") -> Not reached CH | J8: Jane Doe7 | K8: =VLOOKUP(J8,'Active People Report'!D:J,7,0) -> Development | L8: =VLOOKUP(J8,'Active People Report'!D:V,19,0) -> Java | M8: =VLOOKUP(J8,'Active People Report'!D:I,6,0) -> AB | N8: =VLOOKUP(J8,'Active People Report'!D:H,5,0) -> CLD | O8: 45373 | S8: Proposed to Account | V8: =VLOOKUP(J8,'Profile links'!A:B,2,FALSE) -> https://endava.sharepoint.com/:w:/s/BWSDocuments/EaKIbSEe5xFFiOD1UgN1VbEByMY9lRHhJ4cfyraujgzOdA?e=1ywpJn

Sheet Profile links
A1: Proposed person name | B1: Link to profile
A2: Jane Doe1 | B2: https://endava.sharepoint.com/:w:/s/BWSDocuments/EWnpAGIdPLROqlwMipV9eWYBKrUtdUZ7MHADVQGJzELx8Q?e=pEAx0j
A3: Jane Doe2 | B3: https://endava.sharepoint.com/:w:/s/BWSDocuments/Ee20vSqhLZNLuNTMNSjtJ-gBNxi97-jtdwei9xnC46mlKQ?e=6l3knD
A4: Jane Doe3 | B4: https://endava.sharepoint.com/:w:/s/BWSDocuments/EWLWxKI6oLZEj8N5NovJb7IBuJZ5T3smOy_1hctBRDL_6Q?e=RiaynJ
A5: Jane Doe4 | B5: https://endava.sharepoint.com/:w:/s/BWSDocuments/EQMRHuiaqbVPvjpiuqPkiIIBso1CaOpa2zuZ2f_Is_8gPg?e=MPLy6G
A6: Jane Doe5 | B6: https://endava.sharepoint.com/:w:/s/BWSDocuments/ET_oHiTBZcpFhD-KW3kq4y8BYMaRyUjkvjnEgSyEVDNpow?e=poZpNB
A7: Jane Doe6 | B7: https://endava.sharepoint.com/:w:/s/BWSDocuments/ETIqS88QEyhBsJonGH7RxhkBV0iSceJzVloXbbC3LYYKfA?e=wTrRTT
A8: Jane Doe7 | B8: https://endava.sharepoint.com/:w:/s/BWSDocuments/EaKIbSEe5xFFiOD1UgN1VbEByMY9lRHhJ4cfyraujgzOdA?e=1ywpJn

Sheet HoDs Matrix
A1: Location/Discipline | B1: Development | C1: Testing | D1: Analysis | E1: Data | F1: Creative Services | G1: Applications Management | H1: Project Delivery Management | I1: Architecture | J1: Infrastructure | K1: Business Platforms
A2: BHD | B2: Adrian.Iancu@endava.com | C2: stefan.radulescu@endava.com | D2: anca.draghia@endava.com ; Petrisor.Dima@endava.com | E2: daniel.munteanu@endava.com ; radu.pinzaru@endava.com | F2: Ciprian.Amaritei@endava.com | G2: octavian.soimu@endava.com ; mihai.cojocnean@endava.com | H2: madalina.preda@endava.com ; elena.costea@endava.com | I2: marius.harpau@endava.com | K2: Andreea.Chiran@endava.com
A3: BVD | B3: Adrian.Iancu@endava.com | C3: catalin.mircu@endava.com | D3: Petrisor.Dima@endava.com ; anca.draghia@endava.com | E3: radu.pinzaru@endava.com | F3: Ciprian.Amaritei@endava.com | G3: Mihaita.Tisu@endava.com ; mihai.cojocnean@endava.com | H3: Alin.Chilian@endava.com ; elena.costea@endava.com | I3: cristian.ando@endava.com | J3: Pavel.Matu@endava.com ; Mihai.Cojocnean@endava.com | K3: Andreea.Chiran@endava.com
A4: TMD | B4: catalin.pisoiu@endava.com | C4: catalin.mircu@endava.com | D4: Petrisor.Dima@endava.com ; anca.draghia@endava.com | E4: radu.pinzaru@endava.com | F4: Ciprian.Amaritei@endava.com | G4: Pavel.Matu@endava.com ; Mihai.Cojocnean@endava.com | H4: alin.grama@endava.com ; elena.costea@endava.com | I4: cristian.ando@endava.com | J4: Pavel.Matu@endava.com ; Mihai.Cojocnean@endava.com | K4: Andreea.Chiran@endava.com
A5: PTD | B5: ciprian.dogaru@endava.com | C5: catalin.mircu@endava.com | D5: Petrisor.Dima@endava.com ; anca.draghia@endava.com | E5: radu.pinzaru@endava.com | F5: Ciprian.Amaritei@endava.com | G5: Aurelia.Despa@endava.com ; mihai.cojocnean@endava.com | H5: alin.grama@endava.com ; elena.costea@endava.com | I5: cristian.ando@endava.com | J5: Pavel.Matu@endava.com ; Mihai.Cojocnean@endava.com | K5: Andreea.Chiran@endava.com
A6: CLD | B6: adrian.matean@endava.com | C6: vlad.vesa@endava.com | D6: daniela.paun@endava.com ; anca.draghia@endava.com ; Petrisor.Dima@endava.com | E6: Daniela.Bogdan@endava.com ; radu.pinzaru@endava.com | F6: Ciprian.Amaritei@endava.com | G6: mihai.cojocnean@endava.com | H6: anca.rarau@endava.com ; elena.costea@endava.com | I6: liviu.istrate@endava.com | K6: Andreea.Chiran@endava.com
A7: TGD | B7: adrian.matean@endava.com | C7: vlad.vesa@endava.com | D7: daniela.paun@endava.com ; anca.draghia@endava.com ; Petrisor.Dima@endava.com | E7: Daniela.Bogdan@endava.com ; radu.pinzaru@endava.com | F7: Ciprian.Amaritei@endava.com | G7: mihai.cojocnean@endava.com | H7: anca.rarau@endava.com ; elena.costea@endava.com | I7: liviu.istrate@endava.com | K7: Andreea.Chiran@endava.com
A8: ISD | B8: Stefana.Ghetu@endava.com | C8: bogdan.darabaneanu@endava.com | D8: alexandru.mirza-lesan@endava.com ; anca.draghia@endava.com ; Petrisor.Dima@endava.com | E8: radu.pinzaru@endava.com | F8: Ciprian.Amaritei@endava.com | G8: ancuta.postolache@endava.com | H8: Alexandru.Mirza-Lesan@endava.com; elena.costea@endava.com | I8: Cosmin.Sontu@endava.com | K8: Andreea.Chiran@endava.com
A9: KFD | B9: anca.rarau@endava.com | C9: anca.rarau@endava.com | D9: anca.rarau@endava.com | E9: anca.rarau@endava.com | F9: anca.rarau@endava.com | G9: anca.rarau@endava.com | H9: anca.rarau@endava.com ; elena.costea@endava.com | I9: anca.rarau@endava.com | J9: anca.rarau@endava.com | K9: anca.rarau@endava.com

Sheet OBPs
A1: OBP Name | B1: OBP E-mail address
A2: Adrian Pironescu | B2: adrian.pironescu@endava.com
A3: Adrian Serban Iancu | B3: Adrian.Iancu@endava.com
A4: Adriana Schiopu | B4: adriana.schiopu@endava.com
A5: Alin Gabriel Grama | B5: alin.grama@endava.com
A6: Anca Rarau | B6: anca.rarau@endava.com
A7: Andreea Diana Cristei | B7: Andreea.Cristei@endava.com
A8: Bogdan Darabaneanu | B8: bogdan.darabaneanu@endava.com
A9: Bogdan Nicusor Ivascu | B9: bogdan.ivascu@endava.com
A10: Calin Constantinov | B10: calin.constantinov@endava.com
A11: Ciprian David Dogaru | B11: ciprian.dogaru@endava.com
A12: Claudia Ioana Puscas-Pop | B12: claudia.tarta@endava.com
... A64: Ancuta Georgiana Postolache | B64: ancuta.postolache@endava.com

Sheet Drop downs
A1: Status of the opportunity | B1: WFM SPOC | C1: Proposal status | D1: Proposal status-NEW | E1: New/Extension | H1: https://endava.sharepoint.com/sites/RomaniaWFPs/Shared Documents/General/[Ro Opps.xlsm]Other Sources | I1: OK
A2: Initiated | B2: Anca Baboi | C2: Awaiting response | D2: Proposed to OBP | E2: New | H2: https://endava.sharepoint.com/sites/RomaniaWFPs/Shared Documents/General/[Ro Opps.xlsm]Other Sources | I2: NOK
A3: In progress | B3: Loredana Vergea | C3: Awaiting role need confirmation | D3: Back-up proposal | E3: Extension
A4: Awaiting response | B4: Andrada Plesa | C4: Back-up proposal | D4: Rejected by OBP | E4: RFI/RFP
A5: On hold | B5: Mioara Dimov Craciun | C5: Booked | D5: Proposed to Account | E5: Discovery | H5: https://endava.sharepoint.com/sites/RomaniaWFPs/Shared Documents/General/[Ro Opps.xlsm]Other Sources
A6: Closed-Lost | B6: Cristina Marin | C6: Confirmed | D6: In progress - interviews/discussions scheduled
A7: Closed-Won | B7: Simona Makkos | C7: In progress | D7: Confirmed - awaiting booking
A8: Cleared Opp | C8: Initiated | D8: Soft Booked | H8: https://endava-my.sharepoint.com/personal/simona_makkos_endava_com/Documents/WFP/6.RO Opps meeting/[Ro Opps.xlsx]Other Sources
C9: Need was cancelled | D9: Booked
C10: Not chosen | D10: Rejected by Account-not a good fit
C11: Not fit | D11: Rejected by Account-failed interview
C12: Not suitable | D12: Role not needed/awaiting clarification from the account
C13: On hold | D13: On hold - Opp
C14: Opp lost | D14: Withdrawn - leaver/unavailable
C15: Opp on hold | D15: Soft Booked for another account
C16: Other candidate was picked | D16: Lost - Opp
C17: Proposed | D17: RFP involvement
C18: Proposed to OBP | D18: Rejected - Opp staffed by other candidate
C19: Refused the project
C20: Rejected
C21: Rejected-not a good fit
C22: Rejected/Up for a diff position
C23: Released
C24: Role needs to be clarified
C25: Role not needed
C26: Role on hold
C27: Soft Booked
C28: To be booked
C29: To be proposed
C30: Unavailable
... C32: Not Deployable-future maternity

Sheet Active People Report
A1: (Do Not Modify) Person | B1: (Do Not Modify) Row Checksum | C1: (Do Not Modify) Modified On | D1: Full Name | E1: Email | F1: Person Number | G1: Region/Sector | H1: Current BU | I1: Grade | J1: Discipline | K1: Job Title | L1: Main Role | M1: Other Skills | N1: Has CV | O1: CV Last Modified On | P1: Language | Q1: Industry Vertical | R1: Sub-Vertical | S1: Aspirational Role | T1: Presales Experience | U1: Joining Date | V1: Core Skill
D2: Jane Doe1 | H2: CLD | I2: AB | J2: Data | V2: AI/ML
D3: Jane Doe2 | H3: CLD | I3: AB | J3: Data | V3: AI/ML
D4: Jane Doe3 | H4: BHD | I4: AB | J4: Development | V4: .NET
D5: Jane Doe4 | H5: BVD | I5: AB | J5: Development | V5: Java
D6: Jane Doe5 | H6: CLD | I6: AB | J6: Development | V6: Python
D7: Jane Doe6 | H7: ISD | I7: AB | J7: Testing | V7: Automation Testing
D8: Jane Doe7 | H8: CLD | I8: AB | J8: Development | V8: Java
D9: Jane Doe8 | H9: CLD | I9: AB | J9: Data | V9: Python
D10: Jane Doe9 | H10: BVD | I10: AB | J10: Data | V10: Python

Sheet HoDs
A1: Full Name | B1: Email | C1: Person Number | D1: Region/Sector | E1: Current BU | F1: Grade | G1: Discipline | H1: Job Title
A2: Adrian Pironescu | B2: adrian.pironescu@endava.com | C2: 4372 | D2: CE | E2: ISD | F2: ML | G2: Development | H2: Head of Development (Manager)
A3: Adrian Serban Iancu | B3: Adrian.Iancu@endava.com | C3: 100814 | D3: CE | E3: BHD | F3: ML | G3: Development | H3: Head of Development (Manager)
A4: Adriana Schiopu | B4: adriana.schiopu@endava.com | C4: 3687 | D4: CE | E4: ISD | F4: ML | G4: Applications Management | H4: Head of Applications Management (Manager)
A5: Alin Gabriel Grama | B5: alin.grama@endava.com | C5: 4947 | D5: CE | E5: BVD | F5: ML | G5: Project Delivery Management | H5: Head of Project Delivery Management (Manager)
A6: Alin Gabriel Grama | B6: alin.grama@endava.com | C6: 4947 | D6: CE | E6: PTD | F6: ML | G6: Project Delivery Management | H6: Head of Project Delivery Management (Manager)
A7: Alin Gabriel Grama | B7: alin.grama@endava.com | C7: 4947 | D7: CE | E7: TMD | F7: ML | G7: Project Delivery Management | H7: Head of Project Delivery Management (Manager)
A8: Anca Rarau | B8: anca.rarau@endava.com | C8: 3188 | D8: CE | E8: CLD | F8: SM | G8: Project Delivery Management | H8: Head of Project Delivery Management (Senior Manager)
A9: Anca Rarau | B9: anca.rarau@endava.com | C9: 3188 | D9: CE | E9: TGD | F9: SM | G9: Project Delivery Management | H9: Head of Project Delivery Management (Senior Manager)
A10: Bogdan Darabaneanu | B10: bogdan.darabaneanu@endava.com | C10: 47 | D10: CE | E10: ISD | F10: SM | G10: Testing | H10: Head of Testing (Senior Manager)
A11: Calin Constantinov | B11: calin.constantinov@endava.com | C11: 104798 | D11: CE | E11: TMD | F11: ML | G11: Development | H11: Head of Development (Manager)
A12: Calin Constantinov | B12: calin.constantinov@endava.com | C12: 104798 | D12: CE | E12: BVD | F12: ML | G12: Development | H12: Head of Development (Manager)
A13: Calin Constantinov | B13: calin.constantinov@endava.com | C13: 104798 | D13: CE | E13: PTD | F13: ML | G13: Development | H13: Head of Development (Manager)
... A61: Stefan Dan Radulescu | B61: stefan.radulescu@endava.com | C61: 4257 | D61: CE | E61: BHD | F61: SM | G61: Testing | H61: Head of Testing (Senior Manager)
